,title,description,skills,roles,target
96176670,1С Программист,"Приглашаем на удаленный формат работы Программист 1С административная поддержка. Обязанности:  Оказывать поддержку и консультировать пользователей по работе с несколькими конфигурациями на платформе 1С 8.3; Анализ запросов и проблем клиентов, поиск решений и координация процесса их решения с разработчиками и другими отделами компании; Обновление типовых конфигураций 1С ЗУП, Бухгалтерия;   Настройка обменов между различными конфигурациями 1С.  Требования:  Опыт программирования в 1С от двух лет; Знание одной или нескольких типовых конфигураций 1С (желательно УТ); Знание языка запросов, СКД, управляемых форм  Мы предлагаем:  Работа в современной стабильной Компании; Интересные задачи, возможность заниматься не только развитием существующего функционала наших систем автоматизации, но и принять участие в создании нового; Официальное трудоустройство (оплата больничных листов, отпусков); Выплата заработной платы 2 раза в месяц; Удобный график работы: гибкое начало рабочего дня, удаленный режим работы; Особые условия для сотрудников на приобретение продукции Компании (автозапчасти, аксессуары и т.д.); Офис компании расположен по адресу: Московская область г. Химки, Транспортный проезд, д. 7. ",,"Программист, разработчик",1C-разработчик
94493829,Стажер-программист 1С,"IT-компания - Архитектура Систем Менеджмента! Знаем все про 1С! Предоставляем услуги по сопровождению, автоматизации и комплексному выполнению проектов на базе 1С:Предприятие 8. Также мы разрабатываем собственные продукты на платформе 1С. Наши разработки: - Модуль &quot;АСМ CRM&quot; - Модуль &quot;Проекты и управление задачами&quot; Обязанности:  Разрабатывать, дорабатывать, сопровождать и поддерживать программные продукты на базе 1С:Предприятие 8 (Есть как внутренние задачи, так и по клиентам - P.S общаться с клиентом не нужно, для этого есть специально обученные люди); Ответственно и внимательно подходить к своей работе;  Чего ожидаем:  Рассмотрим программиста-стажёра без опыта, но опыт работы в IT будет преимуществом; Оконченное высшее или 2-ой - 5-й курс профессионального образования IT-направлений, или обучение в онлайн-школе; Наличие сертификатов (Как преимущество); Знание типовых конфигураций Фирмы “1С”(Как преимущество). Знание механизмов и инструментов платформы 1С:Предприятие 8, языка запросов, СКД (Как преимущество); грамотная устная и письменная речь; самодисциплина и обучаемость. развитые коммуникативные навыки; сильное желание развиваться в данном IT-направлении.  Мы предлагаем:  Оформление в соответствии с действующим законодательством ТК РФ; Персональный наставник на испытательный срок; Интересные задачи, участие в разработке собственных программных продуктов на базе 1С; Карьерный рост до руководителя отдела (компания быстро и кратно растет); Дружный, молодой коллектив; Ежегодный оплачиваемый отпуск; 5-ти дневная рабочая неделя (работа в офисе) с гибким графиком на выбор; Опытные коллеги, с которыми всегда можно проконсультироваться; Кофемашина, чай, кофе, сладости, как само собой разумеющееся; Квартальные корпоративы (Да, мы умеем круто отдыхать); Современный офис, с комфортными рабочими местами и крутым оборудованием; Парковка 50% за счет компании; Офис в пешей доступности от м. Калужская. Звонить с 10:00 до 17:00.   ","Управление временем,1С: Комплексная автоматизация,1С: Управление Торговлей,1С: Управление Производственным Предприятием,ERP-системы на базе 1С,Сопровождение 1с,Доработка 1С,1С:УНФ","Программист, разработчик",1C-разработчик
95546610,Стажер-программист 1С,"Мы приглашаем тех, кто хочет развиваться в сфере 1С, но еще не имеет опыта, на стажировку с последующим трудоустройством в штат компании. Вы сможете погрузиться в сферу 1С, получить практические навыки, которые нужны для работы на позиции Младшего программиста. ИТ-интегратор компания ТанДевс. Имеем офисы в г. Москва и г. Балашиха, но рассматриваем любой формат работа (полная/частичная удаленка в том числе). Чего мы ожидаем:  Вы уже проходили обучение по 1С (самостоятельно или курсы) , есть базовые знания Вам интересно развиваться в сфере 1С Вы готовы много учиться и осваивать большой объем информации Экономическое, техническое или математическое образование.  Этапы Как всё будет происходить: 1. Бесплатная стажировка в течение 2-2.5 месяцев. Онлайн-встречи 1 раз в неделю + общение в чате телеграм + выполнение практических заданий с обратной связью от наставника. Важно: Нужно будет выделять время для выполнения домашних заданий и быть готовым учиться в интенсивном режиме. Ориентир - порядка 20 часов в неделю.Время встреч - вечер будни с 19 часов, иногда суббота утро (время МСК). 2. Трудоустройство в штат компании на позицию Младшего программиста 1С для финалистов, успешно прошедших финальное собеседование. Оклад от 50 000. .Условия:  Гибкий график работы; Возможность работы из любой точки мира; Конкурентная заработная плата (по результатам собеседования и уровня специалиста); Уникальная система внутреннего развития, обучения и наставничества; Дружный коллектив и комфортные условия работы; Официальное оформление в ИТ компанию    Старт примерно 6 мая (по факту набора группы). При отклике ответь, пожалуйста, развернуто на 3 вопроса: 1) Ваш опыт в программировании (приведи пример задачи, которую решал(а), на каком языке) 2) Опыт именно в 1С (пройденный курсы/книги/какие задачи решали)? 3) Чем интересна для вас сфера 1С?",,"Программист, разработчик",1C-разработчик
96425465,Программист 1C,"ПЕРВЫЙ БИТ — это команда программистов, аналитиков и консультантов 1С, способная решить любую задачу, адаптировать существующую систему под бизнес-требования клиентов или создав ее «с нуля». Мы работаем с производственными, торговыми, строительными и другими компаниям. У нас есть опыт реализации проектов различного уровня сложности. Мы расширяем штат и предоставляем возможность профессионального роста и развития вместе с нами! В нашу команду мы ищем ПРОГРАММИСТА 1С, который будет изучать область внедрения 1С и программирования. ЧТО МЫ ПРЕДЛАГАЕМ?  работа в стабильной аккредитованной ИТ-компании с более чем 25-летней историей; гибридный формат работы – можете работать как удалённо, так и в офисе; оформление по ТК РФ в штат, &quot;белая&quot; зарплата; расширенный соц. пакет; интересные, разноплановые задачи, участие в крупных проектах; сертификация 1С за счет компании;  эффективная система ввода в должность через индивидуальные планы развития, самообучение и наставничество.   ЧЕМ ПРЕДСТОИТ ЗАНИМАТЬСЯ?  устанавливать, обновлять, настраивать и дорабатывать программные продукты 1С; обучать и консультировать пользователей по ведению учета в различных конфигурациях 1С; настраивать обмен между конфигурациями 1С; настраивать интеграции продуктов 1С между собой и другими программами; прокачивать свои ораторские и наставнические навыки.  ВАМ ПОНРАВИТСЯ У НАС, ЕСЛИ ВАМ:  важно постоянно получать новые знания, расти как специалист горизонтально или вертикально в руководителя; важна возможность зарабатывать больше благодаря повышению квалификации и более эффективной работе; приятно работать в команде сильнейших специалистов, совместно делать сложные проекты, получать поддержку и перенимать новый опыт от настоящих экспертов.  ТРЕБОВАНИЯ:  законченное высшее или среднее-специальное образование; желание развиваться в ИТ-сфере и работать с продуктами 1С; высокая обучаемость и развитое аналитическое мышление (проверяем тестированием); опыт программирования на любом из языков, или знание бухгалтерского учета будет преимуществом; коммуникабельность, умение слышать другого человека; активный и позитивный жизненный настрой, неравнодушное отношение к делу и желание создать свою команду и развивать ее.  ХОТИТЕ ПОПАСТЬ К НАМ НА СОБЕСЕДОВАНИЕ? ОТКЛИКАЙТЕСЬ!",,"Программист, разработчик",1C-разработчик
96099198,Ведущий сетевой инженер оператора связи (ISP),"Перспектива карьерного роста.Обязанности:  Мониторинг сети. Настройка VoIP оборудования,VoIP ПО, сетевого оборудования. Общение с абонентами и решение проблем абонентов. Документирование сети.Разработка/проектирование схем включения абонентов. Решение вопросов реорганизации сети. Решение задач в выходные дни (редко), оплачивается отдельно. Устранение аварийных ситуаций на сети. Работа в информационной системе предприятия, соблюдение бизнес процессов. Заказ оборудования, материалов. Требования:  Опыт работы в ISP. Образование высшее профильное. Знание какой либо системы мониторинга, желательно zabbix. Желание расти и развиваться в области ISP. Знания Linux Знания сетей, на уровне L2, L3, Cisco (L2/L3),Mikrotik (pptp,EoIP,VPLS,VRRP,NAT,scripts). Знания VoIP,классической телефонии. Знания принципов работы WDM,CWDM,GPON. Опыт монтажа СКС, монтажа пассивного и активного оборудования. Опыт настройки компьютеров/серверов, сетевого оборудования. Иностранные языки: Английский - перевод технической литературы. Сертификаты приветствуются.  Условия: ---- Официальное трудоустройство с полным соблюдением ТК РФ (больничный лист, отпуск и т.д.)  Корпоративная мобильная связь. Обучение на рабочем месте, узлах сети. Если есть интерес предложить опыт больший чем описан выше, присылайте резюме с пожеланиями. Заработная плата будет зависеть от Ваших знаний и возможностей, определяется по результатам собеседования. Кадровые агентства просьба не беспокоить. ",,Специалист по информационной безопасности,Сетевой инженер
96050769,Младший сетевой инженер,"Компания Zelax ищет молодых перспективных специалистов! Ваши задачи:  непосредственная работа в отделе технической поддержки; консультации по настройке и обслуживанию оборудования; подбор решений на базе оборудования Zelax под проекты заказчиков; установка и настройка оборудования на площадке клиента; тестирование телекоммуникационного оборудования («железо» и ПО); написание технической документации (руководство пользователя, техническое описание, справочник команд).  Обязательные требования:  высшее техническое образование; хорошее знание русского языка, грамотность; знание технического английского языка на уровне чтения обучающих материалов и технической документации; знание модели OSI; знание основ взаимодействия с командной строкой ОС Linux (ifconfig, pwd, cd, ls, chmod и т.д.) или опыт взаимодействия с командной строкой реального сетевого оборудования/эмуляторов (Cisco Packet Tracer/GNS3/EvE NG/др.); уверенное владение Microsoft Word.  Приветствуется:  опыт работы с телекоммуникационным оборудованием (модемы, коммутаторы, маршрутизаторы, мультиплексоры); опыт работы в качестве сетевого инженера, системного администратора или AnyKey; знание протоколов: RSTP/MSTP, VLAN, ACL, NAT, OSPF; наличие сертификата CCNA/HCIA Routing &amp; Switching или просто знаний соответствующего уровня; умение обращаться с кримпером, паяльником и отверткой.  Мы предлагаем:  работа в г. Зеленоград (20 минут от МКАД в противотоке); обучение по месту работы с выплатой оклада; работа в современном комфортном офисе в коллективе интересных людей; заключение трудового договора, соблюдение ТК, оплаченный обед. ","Техническое обслуживание,Linux,Обучение и развитие,Unix,Python,Настройка сетевых подключений",Сетевой инженер,Сетевой инженер
96454961,Сетевой инженер,"Мы - Wildberries, крупнейший маркетплейс России. Wildberries - это 30 млн пользователей ежедневно, сотни тысяч сотрудников и одна из сильнейших IT-команд в стране. Наша компания стабильно развивается и работает в усиленном режиме: гибкий современный стек и около-rocket-science задачи прилагаются.Что нужно будет делать:•Построение и обслуживание сетей дата центров;•Участие в проектах и решение вопросов смежных команд в качестве сетевого эксперта;•Описание технических Work Flow в команде и выработка типовых решений;•Решение инцидентов во время дежурств, возникающих на сети передачи данных;Что хотели бы видеть:•Глубокие знания сетевых технологий;•Протоколов динамической маршрутизации (OSPF, BGP, ISIS);•MPLS/EVPN/DCI;•Модели OSI, стека TCP/IP.•Понимание принципов построения сетей современных центров обработки данных;•Понимание принципов OpenFlow/SDN;•Принципов балансировки трафика;•Опыт работы с *nix системами;•Владение инструментами сетевой диагностики (системы мониторинга, средства анализа и отладки);•Навык диагностики сетевых проблем не по инструкции;•Представление о переподписке на фабриках центров обработки данных;Мы предлагаем:•График 5/2 с 9:00 до 18:00 МСК; Возможны несколько вариантов на выбор: полная занятость в офисе, полностью удаленная или гибридная (офис+удаленка);•Сложные и интересные проекты;•Возможности для профессионального развития и роста;•Участие в конференциях, Meetups и Tech Talks;•Позитивная атмосфера и дружный коллектив;•Возможен корпоративный ДМС;","TCP/IP,Linux,NAT,OSPF,BGP,ISIS",Сетевой инженер,Сетевой инженер
95587447,Сетевой инженер,"Присоединяйтесь к команде СИБУР Диджитал, где мы создаем будущее смелых и инновационных решений для крупнейшего нефтегазохимического производства России. Что мы делаем: Мы преображаем нашу индустрию, создавая революционные технологии и внедряя умные решения. Наша работа - это не просто цифровизация, это переосмысление возможностей. Что вас ждет:   Организация и обеспечение бесперебойного функционирования сетевого оборудования, локальной вычислительной сети.   Обеспечение защиты от несанкционированного доступа к информации, просмотра или изменения системных файлов и данных, безопасности межсетевого взаимодействия.   Организация доступа к локальным и глобальным сетям, в том числе к сети Интернет.   Установка и настройка сетевых сервисов. Поддержка их в рабочем состоянии.   Анализ причин отказов и нарушений в работе сетевого оборудования, разработка предложений по их устранению и предупреждению, повышению качества и надежности.   Что мы ждем от вас:  Знания сетевых технологий и протоколов эквивалентные уровню CCNA.  Опыт работы с сетевым оборудованием Cisco, Huawei, Fortinet.   Опыт работы с криптошлюзами Sterra.   Знание сетевых технологий и протоколов (OSPF, EIGRP, BGP, STP, Radius, TACACS).   Что мы предлагаем:  Работу в аккредитованной ИТ-компании. Гибридный формат работы (график обсуждается индивидуально в зависимости от роли). Нестандартные задачи, возможность реализовывать свои идеи и влиять на развитие целой отрасли. Прозрачная система премирования и карьерного роста. Заботу о благополучии сотрудников: ДМС со стоматологией и льготное страхование родственников, психологическая, юридическая поддержка. Обучение: лекции, курсы, ворк-шопы, школа анализа данных, дизайна презентаций и многое другое. Спортивные секции, соревнования и скидки в фитнес-клубах. Доступ в бесплатную электронную библиотеку, скидки на обучение английскому языку. Наставничество и помощь в адаптации новых сотрудников от вашего личного Бадди. Участие в жизни ИТ-коммьюнити, развитие навыков выступлений на конференциях и митапах, написания статей.  Присоединяйтесь к нам, и вместе будем достигать целей, достойных нашего мастерства!","Cisco,Администрирование сетевого оборудования,OSPF,BGP",Сетевой инженер,Сетевой инженер
96428016,Сетевой инженер,"Обязанности:   Разработка, внедрение и поддержка территориально распределенной сети на оборудовании Cisco (ISR/ASR/Catalyst/Nexus), Fortigate, Mikrotik Поддержка IP телефонии Cisco CUCM, Asterisk. Работа с Zabbix. Проработка перехода на отечественное оборудование. Обслуживание дата-центра и около 40 удаленных площадок. Выполнение пуско-наладочных работ по развертыванию оборудования и ПО, выработка решений возникающих проблем.   Требования:   Практические навыки администрирования средств вычислительной техники, сетевого оборудования. Уровень знаний не ниже CCNP. Сертификат не обязателен, но приветствуется. Знание протоколов маршрутизации (OSPF,BGP). Уверенные знания принципов построения сетей, сетевых протоколов семейства TCP/IP. Большим плюсом будет знание решений отечественных производителей: Eltex, QTech, SNR, UserGate, Код безопасности и др. Понимание принципов работы Linux-систем. Техническая грамотность: работа с технической и сервисной документацией. Английский язык на уровне чтения технической документации. Умение быстро вникать в работу нового оборудования, иметь желание обучаться.  Условия:  Оформление по ТК РФ; Место работы: станция метро Римская, ул. Сергея Радонежского ( в 5 минутах от метро); Испытательный срок 3 месяца; ДМС после года работы в компании. ",,Сетевой инженер,Сетевой инженер
96127386,Python/Go developer (middle/middle+),"Lamoda Group – это крупнейшая в России и СНГ онлайн-платформа по продаже fashion &amp; lifestyle товаров. В настоящий момент мы ищем коллегу на позицию Python/Go разработчика в команду Marketing Development, где ребята занимаются разными системами коммуникации с клиентами, а также множеством других сервисов, направленных на упрощение работы команды маркетинга :) Готовы рассматривать кандидатов без опыта с Golang, но обязательно с желанием развиваться - у нас есть своя выстроенная система онбординга и обучения! Как мы работаем:  пишем на последних версиях Python/Go; используем NSQ для внутренних очередей, а Apache Kafka для межсервисного взаимодействия; PostgreSQL в качестве основной СУБД, Redis, Aerospike; все приложения упакованы в Docker и деплоятся нажатием кнопки; у нас отличный CI/CD, запускаем тесты, security &amp; style checks на каждый pull request; все pull request проходят 360 code review; участвуем в разработке и проектировании архитектурных решений, а также в реализации бизнес решений.  Чем предстоит заниматься:  писать новые и развивать существующие сервисы на Python и Go; участвовать в анализе, проектировании и оценке технических решений вместе с командой; писать unit и функциональные тесты; участвовать в code review.  Мы ожидаем:  опыт коммерческой разработки бэкенда на Python от 2-х лет, опыт на Golang будет плюсом; опыт работы с SQL базами данных (на уровне join-ов, оптимизации запросов); умение проектировать API сервисов; опыт работы с нереляционными базами данных (Redis); опыт работы с Docker, k8s и Git. ","Python,PostgreSQL","Программист, разработчик",Python-разработчик
96393539,Python разработчик,"Привет! Мы - аккредитованная IT компания Maxim Technology. Занимаемся разработкой платформы для пассажирских и грузовых поездок. Самый крупный из наших заказчиков - сервис maxim. Мы первыми начали менять рынок поездок, создав для maxim цифровую платформу для связи пассажира и водителя раньше Uber и Gett. Сегодня наша команда работает над высоконагруженными сервисами - в сутки платформа обрабатывает более миллиона заказов. Наше ПО — лидер рынка в регионах России, и мы не собираемся останавливаться на достигнутом! Наша команда растёт быстрыми темпами и сейчас в штате более 350 IT-специалистов. Офисы компании располагаются в Кургане, Челябинске, Тюмени, Набережных Челнах, Казани, Екатеринбурге и Санкт-Петербурге, но у нас можно работать и удалённо и в гибридном формате. Сейчас мы ищем Python разработчика в Кургане, который будет:  Участвовать в обсуждении задач и планов развития продукта; Создавать новые сервисы; Преподавать для студентов IT колледжа;  Мы ждем, что вы:  Имеешь опыт разработки на Python 3.X; Преподавал курсы программирования или интересно данное направление; Работаешь с любым синхронным или асинхронными веб-фреймворком; Разбираешься в взаимодействии с реляционными БД; Понимаешь принципы ООП; Умеешь взаимодействовать с api внешних приложений; Любишь работать в команде;  Будет плюсом, если:  Знаешь шаблоны проектирования приложений; Работал с Docker и познал азы DevOps; Понимаешь зачем нужны брокеры сообщений;  Что дальше?У нас простой процесс подбора. Тебя ждет интервью с HR и лидом команды, и после этого мы выходим с оффером. Отправляй свой отклик! Мы тебя ждем.",,"Программист, разработчик",Python-разработчик
96416996,Python developer,"Рассвет 13 - команда экспертов и разработчиков в области управления данными и бизнес-аналитики. Реализуем проекты для крупных федеральных компаний.Приглашаем в команду Python-backend разработчика уровня middle. Ожидания от кандидата:  опыт работы с Python; опыт работы с фреймворками Django, FastAPI; PostgresSQL / MS SQL-server, понимание REST, SOAP; опыт использования Alembic, Aiohttp, Lxml; знание Docker.  Будет плюсом:   знание современных подходов к процессу тестирования.  Мы предлагаем:    Создавать продукты с нуля и решать неординарные задачи;   Работать с комфортом: гибкое начало рабочего дня, можно работать из офиса или удаленно; 5-дневная рабочая неделя;   Быть частью внутреннего IT-сообщества и регулярно обмениваться опытом;   Формировать культуру работы с данными в различных отраслях экономики;   Реализовать проекты, которые не стыдно показать в портфолио;   Оформление по ТК РФ;   Белая з/п (в соответствии с рынком);   Индивидуальный подход к заслугам и достижениям;   Индивидуальный план развития с регулярным пересмотром зп;   Участие в онлайн и оффлайн корпоративных мероприятиях интеллектуального и развлекательного характера.   Если вы хотите развиваться вместе с нами – откликайтесь на наши вакансии и присоединяйтесь к Рассвет 13!","Python,PostgreSQL,Django Framework,FastAPI,Docker,AIOHTTP","Программист, разработчик",Python-разработчик
96445513,Backend разработчика Python,"В Центре &quot;Технологии искусственного интеллекта&quot; МГТУ им. Н.Э. Баумана открыта вакансия Backend разработчика Python. На базе Центра ведется разработка масштабной высоконагруженной информационной платформы для крупного федерального заказчика, реализуются проекты коммерческой разработки, а также наукоемкие разработки с применением искусственного интеллекта. Обязанности:  Разработка Backend части веб-приложений и прикладных программных модулей в области машинного обучения. Реализация высоконагруженных сервисов для хранения обработки и визуализации больших массивов данных. Оптимизация уже существующих и разработка новых модулей платформы. Участие в разработке решений по отказоустойчивости и улучшению производительности системы. Участие в интеграции платформенных решений компании в ИТ-инфраструктуру заказчиков.  Требования:  Высшее техническое образование или профильные курсы. Опыт работы от 2 лет коммерческой разработки; Опыт работы с нагруженными приложениями. Опыт написания асинхронного кода с использованием очередей/планировщиков задач; Уверенное владение:  Python 3.10+, знания алгоритмов, структуры данных, Pandas, Numpy; FastAPI (также приветствуется Flask/Django с обязательным знанием DRF), Pydantic, SQLAlchemy, RESTful API; Базы данных PostgreSQL, SQLite; SQL-запросы; Контейнеризация Docker. Опыт оптимизации, профилирования, рефакторинга кода; Опыт написания модульных тестов (pytest, mock и т. п.); Владение Linux, GIT и ООП;    Приветствуется:  Навыки оптимизации производительности алгоритмов и железа. Навыки работы с телеграм-ботами (Telegram API, Telethon, Pyrogram). Навыки работы с:  Kubernetes, опыт DevOps; Кешированием Redis; MongoDB; Apache Kafka, Nginx; Знание инструментов CI/CD, опыт написания скриптов Bash. WebSocket, gRPC.   Успешное участие в соревнованиях (хакатоны и т.п.).  Условия:  Работа в крупной стабильной организации, получение уникального опыта; Обширные возможности профессионального развития, программы повышения квалификации, посещение образовательных мероприятий и лекций; Амбициозные и интересные задачи; Работу в мотивированной профессиональной команде, нацеленной на результат; Дружный коллектив; Офис: м. Бауманская, ул. 2-я Бауманская, д. 5, стр. 1 Оформление по ТК РФ; График работы 5/2 с 9.00 до 18.00, пт с 9.00 до 16.45 (возможен гибридный формат работы); Заработная плата обсуждается по результатам собеседования; Медицинское обслуживание в нашем центре, включая стоматологию. ",,"Программист, разработчик",Python-разработчик
96482951,Java-разработчик,"Описание: Мы расширяем команды и ищем разработчиков для развития нескольких сервисов:   Тинькофф Инвестиции. Мы — лидер среди брокеров по количеству активных клиентов. Делаем инвестиции удобными, технологичными и понятными;   Тинькофф Бизнес. Меняем подход к ведению бухгалтерии, обмену документами между организациями и работе с архивами — переводим все и вся в цифру;   Тинькофф Страхование. Развиваем платформу прямых продаж. Наша цель — предсказуемый, удобный процесс для бизнеса и клиента;   Платежные технологии и процессинг. Занимаемся разработкой и поддержкой платежного шлюза банка. Задачи шлюза — определять тип платежей, наполнять их данными из других систем банка и проверять разрешенность операций.   У нас много интересных и разнообразных задач, опытная команда и отличные возможности для роста. Откликайтесь на вакансию, чтобы узнать о проектах и выбрать подходящий для вас. Обязанности:   Разрабатывать внешние и внутренние продукты;   Прорабатывать и реализовать интеграционные решения.   Требования:   Опыт разработки на Java от 3 лет;   Опыт коммерческой разработки на Java 11+ или Kotlin;   Опыт коммерческой разработки с любым из фреймворков: Spring Boot, Quarkus, Micronaut или Vert.x;   Опыт коммерческой разработки с одним из контейнеризаторов: Kubernetes, Docker или OpenShift;   Опыт коммерческой разработки с одним из брокеров: Kafka, Rabbit MQ или Active MQ;   Опыт коммерческой разработки с PostgreSQL, MySQL или Oracle будет плюсом;   Опыт работы с системой контроля версий.   Мы предлагаем  Возможность работы в аккредитованной ИТ-компании. Работу в офисе. График работы — гибридный  Платформу обучения и развития Тинькофф Апгрейд. Курсы, тренинги, вебинары и базы знаний. Поддержка менторов и наставников, помощь в поиске точек роста и карьерном развитии  Заботу о здоровье. Оформим полис ДМС со стоматологией и страховку от несчастных случаев. Предложим льготное страхование вашим близким Частичную компенсацию затрат на спорт по окончании испытательного срока Компенсацию питания или транспорта в дни работы из офиса Достойную зарплату — обсудим ее на собеседовании ","Java,Spring Framework,Kafka,Docker","Программист, разработчик",Java-разработчик
92696412,Java Developer,"Domclick.ru - единственный в России продукт, обеспечивающий полный цикл операций с недвижимостью. Доступен на всех популярных платформах (Web, iOS, Android). Решаем любые вопросы с недвижимостью, делая сложное простым, с заботой о каждом клиенте. Мы ищем единомышленников, чтобы вместе помогать людям исполнять мечту о собственном жилье.Чем предстоит заниматься:  разрабатывать и поддерживать сервисы от выбора архитектуры до выведения в продакшн; использовать Agile/Scrum; минимум бюрократии, церемоний и начальников; совершенствовать процесс разработки: git flow, code review, написание тестов и прочее; формировать релизы в продакшн, используя docker/kubernetes; сбор и анализ метрик работающих сервисов.  Мы ждем, что вы:  имеете опыт разработки на целевом стеке от 2х лет; обладаете хорошими знаниями Java; имеете опыт работы со Spring, Spring Boot; работали с реляционными СУБД (PostgreSQL).  Плюсом будет:   знание Kotlin; опыт разработки и проектирования высоконагруженных систем; работа с Docker, kubernetes.  Мы предлагаем:  работу в аккредитованной IT компании; конкурентную заработную плату; полис ДМС с первого месяца работы; современную технику для работы; корпоративный университет, онлайн-курсы для повышения квалификации, конференции, митапы; фитнес-зал в здании офиса; льготную программу ипотеки для сотрудников; комфортный офис класса А в 5 минутах от станции метро и МЦК Кутузовская; гибкое начало рабочего дня и возможность работать в гибридном или удаленном формате. ","Java,PostgreSQL","Программист, разработчик",Java-разработчик
96445891,Senior Java разработчик,"Мы ищем опытного Java разработчика, готового влиться в нашу дружную команду, главной целью которой является создать с нуля Cloud Native платформу, позволяющую автоматизировать ITSM процессы компании. Данная платформа создается с целью импортозамещения сразу нескольких критичных автоматизированных систем Банк, созданных на базе продуктов Micro Focus: Service Manager, UCMDB.Обязанности  проектирование решения, в том числе разработка детальной внутренней архитектуры сервиса, включая интеграционные сценарии детальное проектирование интеграций со смежными сервисами (в том числе API) разработка программного продукта, внесение изменений в код выполнение code review написание Unit-тестов сборка и развертывание разработанного решения на стенды разработки / тестирования подготовка и настройка стендов разработки / тестирования развертывание ПО разработки на рабочем месте разработчика Требования Стэк: · Java, Spring Framework, Docker, Git, Maven, JUnit, SQL, Kafka, Jira, PostgreSQL.  понимание принципов ООП уверенное знание и опыт использования Java 11, Spring framework, hibernate опыт работы с Docker опыт работы с Kafka хорошее знание SQL, опыт работы с реляционными БД опыт работы с git опыт работы maven / gradle опыт написания Unit-тестов Junit, TestNG умение работать в команде опыт разработки на Java от 3 лет умение и желание писать качественный, красивый и рабочий код, покрытый тестами  Также, видим плюсами для тебя:  опыт разработки Cloud Native приложений владение Openshift и контейнеризацией приложений опыт работы с Jira, Confluence опыт работы в Agile-команде опыт работы в высоконагруженных проектах, опыт работы с многопоточностью, опыт работы в критичных системах с высоким уровнем SLA умение подбирать инструменты для решения необходимых задач знание методологии ITIL и принципов ITSM Условия  Официальное трудоустройство по ТК РФ Стандартный график работы (09:00–18:00), но с гибким подходом + сокращённый рабочий день по пятницам (до 16:45), возможность смешанного режима (офис/дистанционный) Достойный уровень оплаты труда (определяется по результатам собеседования) Премирование по итогам года; Страхование жизни и здоровья для сотрудников (ДМС) и скидки на медицинскую страховку для родственников (после испытательного срока); Широкие возможности профессионального и карьерного роста; Обучение и повышение квалификации в Корпоративном Университете Сбербанка, на внутренних и внешних курсах, доступ к корпоративной библиотеке; Льготное кредитование в Сбербанке – возможность пользоваться премиальными продуктами Банка на специальных условиях (в т.ч. по ипотечным программам); Корпоративная пенсионная программа; Широкий спектр дисконт-программ, скидок и привилегий от компаний-партнёров и компаний Экосистемы Сбер; Корпоративные подарки для детей Корпоративные и благотворительные мероприятия («Зелёный марафон», Сбербанкиада, КВН, волонтёрские программы и т.д.) Современный комфортный офис: столовые предлагают вкусные завтраки, обеды, кофе-поинты, прекрасно оборудованный тренажёрами спортивный комплекс Свободный dress code Офис: БЦ «Южный Порт» (10 минут пешком от ст. м. Кожуховская) ",,"Программист, разработчик",Java-разработчик
96409136,Middle Java developer [UI Platform],"МТС Digital — единый центр технологического развития экосистемы МТС. У нас работает больше 8000 сотрудников по 18 направлениям технологического развития. Мы знаем, как поддержать баланс между работой и жизнью, разбавить рутину и создать вдохновляющую атмосферу. А ещё у нас: 20+ гильдий инженеров, суперкомпьютер, системы видеоаналитики, IoT, собственная лаборатория AI и 20+ петабайт данных. Финтех, стриминг, гейминг, мобильные приложения, облачные сервисы. Каждый день наши продуктовые команды работают по agile-методологиям, чтобы вывести мобильную и веб-разработку на новый уровень. UI Platform – кроссплатформенная low-code система, предоставляющая возможность создавать и переиспользовать конфигурации UI элементов, экранов и целых сценариев на основе предоставленных данных. Чем предстоит заниматься:  разрабатывать новые и дорабатывать имеющиеся сервисы; проводить код-ревью; покрывать функциональность unit-тестами; решать инциденты.  От тебя мы ждём:  Java 11+; опыт разработки микросервисов (желателен опыт перевода монолита на микросервисы); умение разбираться в существующем коде; знание алгоритмов, принципов ООП и паттернов проектирования; опыт работы с Spring Framework и подпроектами Spring Boot, Spring Web, Spring Security; опыт работы с брокерами сообщений (RabbitMQ, Kafka); опыт работы с REST/SOAP/GraphQL; опыт работы с SQL и noSQL БД; опыт работы с GitLab.  Мы предлагаем:  собственную платформу MTS Ocean для получения ИТ-ресурсов, а это значит, что деплой, мониторинг, observability - не будут для вас проблемой, вы сможете сосредоточиться на фичах; профессиональные гильдии инженеров по направлениям, чтобы поддерживать друг друга и обмениваться опытом; внутреннюю площадку TechTalks для обмена опытом, дискуссий, развития навыков самопрезентации. участие во внешних IT конференциях. Мы выступаем на HighLoad++, DataFest, Mobius, Test Driven Conf, Joker, DevOps, Матемаркетинг и даже проводим собственную конференцию по архитектуре Hello, conference! полезные курсы и вебинары в корпоративном университете и электронные библиотеки.  А еще:  медицинскую страховку с 1 месяца со 100% покрытием расходов, включая стоматологию, страхование жизни и здоровья в поездках за рубеж. А еще можно застраховать родственников с корпоративной скидкой; доступ к сервису «Понимаю»: онлайн-консультации с психологом, юристом, экспертом по финансам или ЗОЖ; единую подписку МТС Premium — KION light в онлайн-кинотеатре KION, сервис МТС Music, 30 дней бесплатного пользования подпиской OZON Premium; скидки и предложения от партнеров на фитнес, занятия английским и прочее. ",,"Программист, разработчик",Java-разработчик
86293783,Программист C#,"Вам предстоит:  Участвовать в разработке и внедрении новых модулей, реализующих дополнительный функционал существующей корпоративной системы; Участвовать в сопровождении существующей системы; Заниматься поддержкой пользователей.  Наши требования:  Опыт/понимание в разработке БД под MS SQL Server, T-SQL; Опыт/понимание в разработке корпоративных пользовательских приложений, взаимодействующих с БД, с использованием высокоуровневых языков программирования C#; Опыт/понимание в разработке web-приложений.  Вы получите у нас:  Оформление по ТК РФ; ДМС (со стоматологией); Дополнительные оплачиваемые дни отпуска; Интересные проекты; Возможность обучения за счет компании; Дружный коллектив профессионалов и единомышленников; Рабочее пространство в СПб. (ст. м. Василеостровская); Комфортный офис и кофе-точки; Скидки от компаний-партнёров на изучение английского языка, занятия спортом; Развитую корпоративную культуру (футбольная команда, проводятся соревнования по различным видам спорта). ",,"Программист, разработчик",Разработчик на C#
93072093,Middle C# developer,"О НАС: Мы предлагаем интересную работу и имеем партнеров в различных сферах (коммерческие и государственные структуры, крупные и небольшие, и у каждого свои особенности), поэтому тематика задач разноплановая: web-приложения и сервисы, фронтенд и бэкенд, задачи по интеграции и внутренние корпоративные системы. Находимся в поиске новых сотрудников в связи с расширением отдела. Мы ищем backend-разработчика в команду, работающую над системой WFM - одной из ключевых систем компании. WFM (Workforce Management) - это инновационная информационная система для управления и оптимизации производственных ресурсов. ЗАДАЧИ:  Работать в SCRUM-команде; Разрабатывать новые функции и дорабатывать существующие (минимум легаси, проект стартовал этим летом); Принимать участие в обсуждении и оценке требований к системе; Участвовать в командных встречах и процессах (дейли, код-ревью, ретроспективы и т.д.).  МЫ ЖДЕМ ОТ ВАС:  Хорошие знания C#; Опыт коммерческой разработки на С#, ASP.Net Core не менее 3 лет; Навыки написания SQL-запросов; Опыт работы с любыми реляционными СУБД; Умение и желание создавать понятный, красивый, оптимальный код; Умение работать в команде; Понимание принципов ООП, REST, SOLID.  Будет Плюсом:  Умеете работать с Docker; Опыт написания сложных SQL-запросов; Опыт написания сложных алгоритмов.  СТЕК: .Net 8, PostgreSQL, Entity Framework, Redis, RabbitMq. УСЛОВИЯ РАБОТЫ:  Своевременная &quot;белая&quot; заработная плата (2 раза в месяц на банковскую карту); Работа в команде профессионалов над интересными и сложными проектами; Официальное трудоустройство и социальные гарантии с первого дня работы; Питание: в офисе оборудованы кухни, чай, кофе, печеньки; Работа в аккредитованной IT-компании; Возможна удаленная работа. ","C#,Entity Framework,MS SQL,PostgreSQL,MS SQL Server,RabbitMQ,.Net","Программист, разработчик",Разработчик на C#
93151490,Младший Backend-разработчик C#,"AUTOPITER.RU — федеральный интернет-магазин по продаже запчастей и автотоваров. Мы упрощаем жизнь, освобождаем наших клиентов от рутины для более важных дел.  Мы большие и дружные: 1 200 сотрудников; Мы постоянно развиваемся: разработка нового и постоянные улучшения нашего ПО; Мы гибкие: удаленный формат работы.  Условия:  Официальное трудоустройство по ТК РФ; Стабильную оплату труда, выплаты 2 раза в месяц; Корпоративные обеды; Возможности для профессионального развития в техническом направлении; Разнообразные мотивационные программы (скидка на покупку запчастей и автотоваров, подарки детям сотрудников на Новый год, 1 сентября и т.д.)  Требования:  Высшее, неполное высшее или среднее образование в сфере ИТ Знание принципов объектно-ориентированного программирования; Знание паттернов ООП; Знание архитектуры и практический опыт использования .NET (или .NET Core) Продвинутое владение языком программирования C#; Базовые навыки написания запросов, создания ХП с использованием T-SQL; Создание документации в соответствии со спецификацией Open API с использованием компоновщика Swagger; Технический английский (на уровне чтения документации); Готовность работать в команде.  Будет преимуществом:  Участие в open source проектах; Опыт работы с технологиями WPF, Asp.net MVC, WCF или любой из них Опыт работы с СУБД MS SQL, брокером сообщений Rabbit MQ, службой распределённого кэширования данных Redis; Умение разбираться в чужом коде;    ВАШИ ЗАДАЧИ  Backend-разработка фич в виде сервисов внутренней системы. Развитие и сопровождение существующих проектов со стеком .Net, WPF, Asp.net MVC и WCF.  СПАСИБО, ЧТО ЗАИНТЕРЕСОВАЛИСЬ НАШЕЙ ВАКАНСИЕЙ!    ",,"Программист, разработчик",Разработчик на C#
94507880,C# разработчик,"ИТ-фирма, входящая в наш холдинг занимается разработкой программного обеспечения в виде продуктов, направленных на автоматизациию бизнесс-процессов. Чем предстоит заниматься: проектирование и разработка модулей системы (архитектура, логика, участие в создании интерфейсов, конечно само программирование): микросервисы для системы и самодостаточные программные продукты, работа с аппаратными устройствами. Мы: - разрабатываем ядро системы, архитектуру экосистемы заказчика и автоматизированные рабочие места с нуля, применяя лучшие идеи. - разбираемся в тонкостях работы сотрудников заказчика и видим слабые места (где человек тратит много времени, что можно автоматизировать, чему нужно уделить внимание для создания системности работы). В совокупности эти особенности позволяют нам быть архитекторами сиcтемы, гибко выстраивать связи между компонентами, успешно реализовывать все задумки. Вам предстоит:   Разбираться в предметной области.   Разрабатывать надежные, легко модифицируемые и масштабируемые сервисы.   Активно участвовать в проработке архитектурных решений.    Мы ожидаем:    Техническое образование в области IT   Опыт коммерческой разработки от 2х лет   Опыт работы с базами данных и ORM-системами (EntityFramework)   Опыт разработки клиент-серверных приложений на С# WPF   Понимание смысла микросервисной архитектуры   Понимание принципов ООП и платформы .Net   Умение работать с системой контроля версий(Gitlab)   Представление о работе с XML   Знание классических алгоритмов и структур данных   Опыт работы c СУБД (MS SQL, T-SQL) – будет являться преимуществом   Понимание принципов SOLID и DDD.   Знание и опыт работы с HTML/JavaScript – будет являться преимуществом   Стек используемых технологий:    NET и язык C# (кросс платформенная разработка)   REST/SignalR   Фронтенд на React JS   Базы данных в PostgreSQL/SQLite   Orm-система EntityFramework   Система контроля версий Gitlab   Контейнеризатор приложений Docker   Мы предлагаем:   Динамично и быстроразвивающийся бизнес, ресурсы, возможность сделать вместе лучший продукт.   Свободу действий в принятии решений.   Достойный уровень заработной платы.   Дружелюбный коллектив.   Возможность получить интересный опыт в области разработки и автоматизации бизнес процессов.   Трудоустройство в соответствии с ТК РФ, своевременная заработная плата ( Возможна работа как самозанятый )          ","C#,.NET Framework,MS SQL,HTML,.NET,JavaScript,ООП,WPF,Работа с базами данных","Программист, разработчик",Разработчик на C#
96494614,FrontEnd-разработчик,"Мы - продукт SMILE: no-code решение , предоставляющее клиенту удобный сервис для быстрого создания безопасных мультипротокольных интеграций. Продукт SMILE помогает всем участникам экосистемы Сбер, испытывающим потребность в обмене информацией с другими участниками, решать проблемы сложности, дороговизны и непонимания процесса построения интеграции. С помощью концепции no-code для разработки самих взаимодействий и их сопровождения, мы позволяем клиентам существенно уменьшать Т2М своих бизнес-продуктов, а также с минимальными затратами проверять свои продуктовые гипотезы. Наша команда работает над модулями по сбору и формализации требований от бизнеса для реализации различных сценариев интеграции. Требуется опытный разработчик, который сможет проектировать и реализовывать фронтальные компоненты по бизнес-требованиям и делиться опытом с коллегами. Стек технологий: · Vue 3 · Quasar · Typescript; · Webpack · Websocket · Backend: Java 17 + Maven Обязанности  Разработка фронтального компонента продукта Доработка фреймворка автоматизации тестовых сценариев Написание сопроводительной документации Участие в командных планированиях Участие в анализе клиентских потребностей Участие в составлении бизнес-требований к задачам.  Требования  Хорошее понимание ООП, паттернов и структур данных на уровне абстракции Опыт работы с фреймворком Vue.js Умение работать с Webpack на уровне построения конфига Знание нативного JavaScript Опыт вёрстки с помощью HTML5/CSS3/Flexbox Умение настраивать окружение и сборку проектов (Webpack, NPM Scripts) Опыт в разработке дизайна UI, опыт работы в Figma или аналогах Умение разбираться в чужом коде, писать чистый и понятный код для других разработчиков Способность оптимизировать свой собственный код и код других разработчиков Умение делиться опытом с коллегами.  Будет плюсом:  Опыт работы в написании тестов (unit-тесты Jest, Joker, ручные Selenium) Опыт работы с Unix-системами  Ключевые навыки: Vue, Typescript, Quasar, Websocket Условия  официальное трудоустройство согласно ТК РФ, белая заработная плата (оклад + годовая премия) интересные и амбициозные задачи возможность профессионального и карьерного роста работа в крупной стабильной компании возможность обучения за счет компании медицинское(ДМС) и другие виды страхования выплаты материальной помощи в особых/чрезвычайных случаях льготные условия по банковским продуктам и услугам офис метро Кутузовская (возможен гибрид). ",,"Программист, разработчик",Frontend-разработчик
95668574,Frontend-разработчик,"Обязанности:  разработка веб-приложений на фреймворке Vue, включая разработку собственных продуктов компании проектирование архитектуры веб-приложений оценка задач по фронтенду код-ревью коллег  Требования:  уверенное знание JavaScript, знание TypeScript знание и умение работать с фреймворком Vue, плюсом будет уменине работать с Nuxt.js плюсом будет знание других фреймворков умение решать поставленные задачи в срок оптимальным способом следование код-стандартам применение современных решений/тенденций в разработке фронтенда плюсом будет знание HTML + CSS  Условия:  Официальное трудоустройство Командная работа над задачами Работа над крупными проектами и продуктами (платформа для конференций, платформа для маркетинговых кампаний, платформа для ТСЖ, инвестиционная платформа недвижимости, и другие) Открыта возможность стать тим-лидом или тех.лидом - есть возможность на расширение количества команд, которые нужно кому-то возглавлять) Офис на ул.Евгении Жигуленко - рядом фитнес-центр Lime Fit, Табрис, ТЦ Мандарин, ТЦ Стрелка, транспортная развязка Отдельная кухня/комната отдыха ","JavaScript,HTML5,Vue,Работа в команде,CSS3,Sass,Git,NuxtJS","Программист, разработчик",Frontend-разработчик
96441350,Frontend-разработчик Vue.js (junior+),"Мы расширяем команду по разработке, поэтому открываем вакансию для джуниор+ фронтенд-разработчика. На данный момент в технической команде Ракетной более 40 разработчиков. Для опытов мы создаем собственные проекты, в которых используем новые решения и библиотеки. Сейчас мы в поисках грамотного фронтенд-разработчика, желающего развивать свои навыки на реальных коммерческих проектах, которые увидят тысячи людей. Ожидаем, что вы умеете работать в команде, будете рады постоянному взаимодействию с коллегами, тянетесь к развитию и заинтересованы в работе над интересными проектами. Требования, навыки, опыт:   Знание и уверенное владение базовыми технологиями верстки в веб-среде (html5, css3, sass, bootstrap, semantic-ui);   Фундаментальное знание JavaScript, а также Vue.js;   Знание основных Javascript Design Patterns;   Чем предстоит заниматься:  Анализ и детализация бизнес-требований;  Проектирование и верстка адаптивных интерфейсов;   Разработка новых и доработка существующих сервисов;   Плюсом будут также знания и опыт работы с технологиями:  Nuxt.js, Express.js, Node.js; Docker; Continuous Integration/Delivery;  Условия:   График работы с 9 до 18 либо с 10 до 19 — на выбор, 5 дней в неделю   Трехэтажный дом c бассейном и котиками   Удобное рабочее место, безлимитный чай/кофе   Внутренние и внешние семинары, библиотека   Стабильная ЗП, официальное оформление  ",,"Программист, разработчик",Frontend-разработчик
96406264,Frontend-разработчик (Vue),"Мы – команда разработчиков Центрального НИИ Эпидемиологии. Нашими сервисами пользуются физические лица, коммерческие лаборатории, Госуслуги, Центральный аппарат Роспотребнадзора, Минздрав. Разрабатываем web-решения для лабораторной диагностики и автоматизации науки. В активной разработке высоконагруженная лабораторная система и сервисы для консолидации и анализа данных по геномам вирусов. Про наше IT можно почитать здесь: https://hh.ru/article/32134 В команде: 4 frontend, 8 backend, инженеры по тестированию, 3 DevOps инженера, support пользователей продуктов, 3 project – менеджера, системный аналитик ⚙ Наш стек: PHP( Yii), GoLang, Vue 3, TypeScript , PostgreSQL, Redis, ElasticSearch, Docker, RabbitMQ Мы предлагаем: - Современный продукт с минимум Legacy. - Формат работы: Full-time (пн-пт), гибрид: 2 дня в офисе, 3 - удаленно - Зарплата: до 220k net, предложение зависит от профессионального уровня кандидата - Работа в штате надежного работодателя, все соц. гарантии, слаженная работа в дружеской обстановке - Дополнительные преференции: собственный медицинский центр, скидка 50% на наши услуги для вас и прямых родственников, предоставление оплачиваемых дней за вакцинацию от COVID-19 и по семейным событиям Чем предстоит заниматься:  Проектировать и разрабатывать новые сервисы в нашей информационной системе Осуществлять переход со стека Vue 2 + JS на Vue 3 + TS Осуществлять доработку внутренней UI библиотеки Реализовывать отказоустойчивые решения Участвовать в проектировании API, взаимодействовать с бэкенд-разработчиками  Что мы ожидаем от вас:  Умение оценить задачу по срокам выполнения и уложиться в эти сроки. Уверенное знание JavaScript (JS), TypeScript (TS) будет плюсом Уверенное знание Vue и его экосистемы Знание SCSS Опыт работы с git. Понимание технологии REST API и опыт работы с JSON. Будет здорово, если вы имеете аккаунт на Github и не против показать свои проекты Умения писать простой, структурированный и читаемый код  Будет плюсом:  Опыт работы с инструментами Jira/Confluence//Figma Понимание современных принципов архитектурных решений фронтенд приложений Опыт работы с Auth 2.0 ","Vue.js,TypeScript,PostgreSQL,REST,JSON API,Vue3,Auth 2.0","Программист, разработчик",Frontend-разработчик
94771094,Frontend (Vue.js) Developer,"Привет! Мы – Beget. Почти 15 лет мы предоставляем услуги хостинга и входим в ТОП-3 крупнейших хостинг-провайдеров России и СНГ: занимаем первое место как хостинг-провайдер среди сайтов в зоне .RU, а также входим в тройку крупнейших регистраторов доменов в зонах .RU и .РФ. Мы делаем действительно хороший продукт, который востребован на рынке. В основе нашего продукта – современный стек технологий, сложный, а потому интересный код, и главное – работа в профессиональной команде. И в связи с ее расширением мы находимся в поиске Frontend разработчика в Beget Облако. Если ты любишь работать со сложной бизнес-логикой, ценишь хорошо организованный процесс разработки и готов развиваться вместе с нами – эта вакансия может тебя заинтересовать. Чем предстоит заниматься:   вместе с коллегами находить наиболее подходящие пути реализации фичей и декомпозировать их;   разрабатывать новые и улучшать текущие сервисы облака в панели управления (сейчас мы работаем над такими фичами, как S3 совместимое хранилище) и улучшать сайт (планируем переход с Nuxt 2 на Nuxt 3, переход с Bootstrap на TailwindCSS, переход с собственных компонентов на Vuetify);   улучшать frontend-архитектуру текущих сервисов облака.   Наши ожидания:   уверенное владение ES6 и Typescript;   уверенные знания современных подходов к верстке;   опыт коммерческой разработки на Vue.js от 2-х лет;   умение задавать вопросы и предлагать аргументированные решения;   желание учиться и развиваться.   Будет круто, если также ты обладаешь:   опытом работы с облачными провайдерами в качестве разработчика или пользователя.  ","Vue,Nuxt,TypeScript","Программист, разработчик",Frontend-разработчик
91081591,DevOps-инженер,"Работа в команде с профессионалами своего дела, которые в курсе современных практик и технологий. Ключевые задачи:  Создание, поддержка и развитие механизмов автоматизированной поставки (CI/CD) Сборка, отладка, автоматизация и установка релизов на контурах систем Банка Установка и настройка прикладной части на новых серверах систем Банка Установка и настройка компонентов внедряемой информационной системы в рамках проектов Банка Взаимодействие с командами разработки и тестирования в рамках процессов установки релизов и проектов Банка Участие в процессе разработки документации для систем Банка  Что важно для нас:  Уверенные знания в администрировании Linux Servers Опыт работы с СУБД PostgeSQL  Опыт работы со стеком ELK  Уверенные знания в администрировании Nginx Большой опыт работы, понимание порядка использования систем контроля версий исходного кода GitLab Опыт написания скриптов на bash, python, yaml Опыт в построении пайплайнов с использованием инструментов Gitlab CI, Ansible, Nexus  Что предлагаем:  График работы: 9.00-18.00, сокращенный рабочий день по пятницам до 16.45 Гибридный формат работы Конкурентный уровень дохода: оклад + премии Медицинская страховка, страховка для выезжающих за границу Официальное оформление в соответствии с ТК РФ Доплата к отпускному и больничному листу Дополнительные льготы при заключении брака и рождении детей Социальная поддержка при сложных жизненных ситуациях Льготное кредитование для сотрудников Обучение в корпоративном университете банка Корпоративная пенсионная программа Корпоративная библиотека Реферальная программа для сотрудников: приведи друга в ИТ и получи до 300 000 рублей   ","Linux,k8s,Docker,ELK,Ansible,Python",DevOps-инженер,DevOps-инженер
96384533,Junior DevOps инженер,"Вам предстоит:  начальная настройка, поддержка и развитие инфраструктурных сервисов, а также разработка новых с использованием систем автоматизации; работа с контейнеризацией (Docker, Kubernetes), системами виртуализации (Prox\Esxi), в том числе кластерных систем; отработка гипотез и сбор тестовых стендов, ведение проектов от тестирования до ввода в эксплуатацию; по запросу написание манифестов приложений для k8s и docker-compose, запуск приложений в docker, взаимодействие с разработчиками, выработка рекомендаций по работе сервисов; мониторинг инфраструктуры разработчиков, решение инцидентов в случае их появления, добавление новых targets для сбора метрик, разработка правил alerting, создание dashboard в prometheus/grafana.  Мы ожидаем от вас:  углублённые знания linux; Docker, KVM, Proxmox; Terraform и Ansible, CI/CD; Zabbix/Grafan, Prometheus, ELK; MySQL, PostgreSQL; Bash, Python, Perl.  Приветствуется:  опыт работы с VMWare, Docker, Kubernetes; опыт работы с облачными провайдерами, в том числе с Сбер Cloud, Yandex Cloud, VkCloud; хорошие ĸоммуниĸативные навыки, умение работать в команде.  Мы предлагаем вам:  официальное трудоустройство согласно ТК РФ: мы ответственная белая компания - выполняем все договорённости и соблюдаем законы; офис в шаговой доступности от м.Лесная; график работы: 5/2, (по истечении испытательного срока (3 месяца) - гибридный формат работы); компенсацию мобильной связи; компенсацию обедов; индивидуальный план адаптации с поддержкой наставника, руководителя и HR; ДМС с телемедициной, широким выбором клиник, полисом путешественника и психологической поддержкой; внутреннее и внешнее обучение за счет компании; поощрение смелых идей и нестандартных решений; завтраки и перекусы на корпоративной кухне;  социальную поддержку в важные моменты жизни;  корпоративные мероприятия. ","Linux,Grafana,Prometheus,Bash,Kubernetes,Docker,Администрирование серверов Linux,Ansible,Gitlab,Terraform,PostgreSQL,MySQL,Python",DevOps-инженер,DevOps-инженер
96288254,DevOps-инженер ИТ-облака," Сегодня билайн — компания изменений, чутко реагирующая на потребности рынка и людей. Мы гордимся тем, что уже сейчас разрабатываем и реализуем технологии, аналогов которым нет в мире. А ещё билайн — это не просто компания, это — команда, объединённая общими ценностями и общей целью — быть лидером телеком и digital-рынков, предоставляя нашим клиентам новейшие продукты и услуги, а также сервис самого высокого уровня. Сейчас у тебя есть возможность присоединиться к лучшей команде в качестве DevOps-инженера ИТ-облака. Продукт: Облачная IaaS платформа — совокупность программно-аппаратных средств, предназначенных для автоматизированного предоставления ИТ-ресурсов продуктовым командам в режиме самообслуживания; Основная задача платформы — обеспечить команду типовой облачной ИТ-инфраструктурой; Состав супер-сервиса ИТ-облака: фронт UI/BW, логика-ядро оркестратор на Go, конвейеры автоматизации,программно-определяемая инфраструктура SDx. Что есть сейчас: Команда ИТ-облака состоитиз 60+ человек: backend, frontend, инженеры поддержки, DevOps, TechLead, архитектор, владельцы продуктов; Команда DevOps инженеров со стороны компании Билайн порядка 30 человек. Итак, тебе предстоит: Разрабатывать и развивать облачную платформу на продуктах OpenStack и Ceph; Обеспечивать бесперебойную работу существующей облачной платформы собственной разработки Vega (подробнее https://devopsconf.io/moscow/2024/abstracts/11633 ); Развивать, масштабировать и управлять облачной платформы. Мы будем рады рассмотреть твою кандидатуру, если у тебя есть (любые 4 из 6 п.): Опыт работы c OpenStack (nova/qemu/libvirt, cinder, neutron, glance) — не менее 2-х лет Знание Python (Go), Ansible, Git; Практический опыт работы с MariaDB, PostgreSQL, RabbitMQ, RESTAPI; Опыт работы с контейнерами Docker, оркестрацией K8s; Понимание и опыт настройки работы SDS Ceph Базовые инфраструктурные знания — модель OSI, сети (VXLAN/BGP/FRR/DPDK) виртуализации, СХД (iSCSI) Наши преимущества: Оформление в аккредитованную IT-компанию; Гибридный формат работы*; Гибкий график работы; Удобные инструменты — необходимое ПО и мощный ноутбук; Сложные и интересные задачи, которые позволят раскрыть потенциал; Невероятно сильная и амбициозная команда профессионалов; Потрясающий инновационный продукт с долей проникновения внутри компании 30% за 1ый год работы! Полис ДМС с хорошими клиниками; Cлужебная сотовая связь.   *Посещение офиса может быть исключено по договоренности с руководителем.   ","OpenStack,Ceph,Ansible,Python,Git,DevOps,PostgreSQL,RabbitMQ,REST,Docker,OSIsoft",DevOps-инженер,DevOps-инженер
96434709,DevOps Engineer,"Привет) Мы компания ПИК - крупнейший застройщик в России.Мы занимаемся автоматизацией всех функций компании и делаем строительную отрасль технологичной: разрабатываем системы, хранилища данных, мобильные приложения, сайты, боты. Всё это для того, чтобы создавать лучшие дома. Сейчас мы ищем DevOps инженера в команду аналитики и отчётности.   Для наших сотрудников:  Работа в крупной стабильной компании с инновационными проектами; Официальное трудоустройство по ТК РФ; Конкурентная заработная плата; Удаленный формат работы Возможность для быстрого роста и развития вместе с командой; Собственный портал обучения и электронная библиотека; Команда профессионалов, которая всегда придет на помощь.  Чем предстоит заниматься:  Администрирование и оптимизация инфраструктуры серверов, вкл. BI-системы (например, Fine BI) на Linux и Windows; Управление базами данных для обеспечения их производительности и доступности; Разработка и поддержка систем мониторинга и логирования событий для всей инфраструктуры (сервера, базы данных, приложения); Обеспечение безопасности систем, включая резервное копирование данных; Помощь разработчикам в настройке тестовых и разработческих сред, включая поддержку контейнеров и виртуализацию; Участие в проработке архитектурных решений, в том числе для интеграции и оптимального использования ML-моделей и алгоритмов; Диагностика и устранение инцидентов в работе всех систем, включая системы аналитики и мониторинга технических показателей.  Для нас важно:  Опыт работы в направлении DevOps не менее 3 лет, предпочтительно в проектах связанных с анализом данных; Опыт администрирования баз данных (MySQL, PostgreSQL и др.); Опыт программирования на Python и SQL не менее 3 лет; Уверенные навыки администрирования операционных систем Linux и Windows; Знание методологий Continuous Integration и Continuous Delivery (CI/CD); Навыки работы с системами мониторинга (например, Zabbix), контроля версий (Git); Опыт работы с ETL-инструментами (Airflow, Bash, Cron), публикации приложений в Docker и Kubernetes.    Чтобы встретиться с нами:  Нажмите &quot;Откликнуться&quot;; Мы позвоним в ближайшее время.  Ждем вас в нашей команде!",,DevOps-инженер,DevOps-инженер
96438209,Технический лидер команды DevOps инженеров,"В Центр развития Департамента информационных технологий Банка России ищем коллегу – профессионала и единомышленника. Наш ДИТ формирует ИТ-политику Банка России, систематизирует все изменения и инициативы в этом направлении, а наш Центр развития инициирует и реализует проекты по автоматизации процессов и задач.Вакансия открыта в Управлении прикладных платформ. Направления: интеграция, внешние ресурсы и обмен, интранет-портал, роботы, среды исполнения. Команда занимается развитием основных систем Центрального Банка России, которых более 60, часть из которых является высоконагруженными, с количеством пользователей до 40 тыс. человек. Задачи:  разработка архитектурных решений для развертывания приложений на основе Kubernetes / Openshift; проектирование CI/CD решений и инструментов для поддержки жизненного цикла разработки сервисов и приложений; техническое лидерство в группе devops инженеров, формирование и оценка бэклога, планирование итераций; организация и улучшение процессов в рамках команды и взаимодействия с другими инженерными группами; развитие культуры DevSecOps, практик проактивного мониторинга и incident management.  Наши ожидания от кандидатов:  высшее образование (техническое); опыт администрирования Linux систем; опыт в роли DevOps инженера в проектировании и эксплуатации платформ на основе Kubernetes / Openshift в течение 2-3 лет; опыт эксплуатации, мониторинга и решения проблем с производительностью Active MQ/ Kafka / Rabbit MQ (или аналогичных решений); опыт администрирования PostgreSQL / Oracle; опыт эксплуатации, мониторинга и администрирования высоконагруженных и отказоустойчивых приложений; опыт подготовки CI/CD на основе Kubernetes (Deckhouse) / Jenkins,Gitlab / S3 (minio, программно-аппаратные комплексы); опыт работы со средствами конфигурации (Ansible, Terraform и другие); отличное понимание основ виртуализации серверов и контейнеризации приложений; хороший уровень владения Python или Groovy (можно Bash) для автоматизации рутинных задач;  Мы предлагаем:   получение действительно уникального опыта в мегарегуляторе, участие в проектах, которые напрямую или косвенно затрагивают весь финансовый рынок России;   возможности для профессионального развития и развитую ИТ культуру: наставничество, обучение в Университете Банка России, профессиональные клубы, конференции, сильная команда руководителей и коллег;   использование как стандартных средств коллективной работы (Jira, Confluence), так и собственных средств (свой портал видео-конференц связи, собственная среда тестирования и разработки и т.п.);   работу в сбалансированных и полнофункциональных проектных командах;   стабильность при постоянном развитии;   широкий социальный пакет (дополнительные дни к отпуску, возможности для отдыха по льготным ценам, свой многопрофильный медицинский центр, корпоративные скидки на спорт и активная спортивная жизнь внутри Банка России, пенсионная программа и многое другое);   гибридный график работы в офисе, м. Багратионовская/Фили (шаговая доступность).  ",,DevOps-инженер,DevOps-инженер
96211808,Middle+ Back-End Разработчик (Django),"Мы - инновационный стартап, нацеленный на создание революционной платформы в области социальных сетей для продвижения и развития талантов определенной группы людей. Наша миссия - предоставить уникальные возможности для самовыражения и взаимодействия. Наша команда - это объединение опыта, мотивации и творчества, и мы ищем единомышленника, готового внести свой вклад в наш проект и разделить с нами стремление к инновациям. Что вас ждет:   Возможность стать ключевым игроком в динамично развивающемся проекте, работая над разработкой и оптимизацией бэкенд-части нашей масштабной платформы.   Создание нового функционала, рефакторинг существующего кода, разработка архитектуры и взаимодействие с базами данных.   Взаимодействие с фронтенд-разработчиками и DevOps, участие в code review, поддержание актуальности документации и разработка тестов.   Мы ожидаем от тебя:   Более 3-х лет опыта работы с Python и уверенное владение Django.   Глубокие знания RESTful API, опыт работы с PostgreSQL, Linux, Nginx, и Git.   Опыт работы с AWS (EC2, S3 и др.), а также с системами автоматизации и инструментами вроде Jira и Stripe.   Высокую обучаемость, стремление к саморазвитию и командную работу.   Хороший уровень английского языка (технический и разговорный). Если ты еще не владеешь разговорным английским - мы готовы помочь в обучении.   Личные качества, которые мы ценим:   Командный дух и готовность делиться знаниями с коллегами.   Пунктуальность и ответственное отношение к работе.   Стрессоустойчивость и готовность к решению сложных задач.   Творческий подход и стремление к инновациям.   Технологический стек:   Языки программирования: Python, JavaScript (React для фронтенда).   Фреймворки: Django, Django REST Framework.   Базы данных: PostgreSQL.   Облачные сервисы: AWS (EC2, S3 и др.).   Инструменты и технологии: Linux, Nginx, Git, Unit Testing, RESTful API, Stripe, Jira.   Мы предлагаем не просто работу, а возможность стать частью чего-то великого, развиваться вместе с проектом и вносить значимый вклад в индустрию. Если ты готов к вызовам и желаешь реализовать себя в уникальном проекте, присоединяйся к нашей команде!","Python,Django Framework,REST,PostgreSQL,Restful API,Linux,Nginx,Git,Unit Testing,AWS,Stripe,Jira","Программист, разработчик",Backend-разработчик
96433783,Backend Python разработчик,"Команда Production IT растет и развивается. Мы в поисках новых направлений и никогда не стоим на месте, поэтому нам в команду необходим вдумчивый и ответственный профессионал. В данный момент мы ищем Middle / Middle+ Backend Python разработчика. Обязанности:  backend разработка на python django работа в команде над несколькими проектами выполнение поставленных задач вовремя  Требования:  уверенное знание python django от 4-х лет, работа с gitlab, jira, postgresql понимание REST, websocket, паттернов проектирования, чтение стандартных схем и диаграмм (например er-модель) плюсом будет опыт работы с ruby on rails, vue js, react  Условия:  рост ЗП, в зависимости от результатов через полгода возможность взять оплачиваемый отпуск работа как самозанятому или через ИП по договору стандартный график по будням, не считая праздники ","Python,Умение эффективно работать в команде,Выполнение поставленных задач,Git,Паттерны проектирования,Linux,Django Framework,Умение адаптироваться","Программист, разработчик",Backend-разработчик
95024504,Backend разработчик,"Обязанности:  Разработка нового функционала для бэкэнда системы; Поддержка текущей кодовой базы;  Кросс-ревью других бэкенд разработчиков;  Тесное общение с аналитиками, которые определяют бизнес требования к задачам.  Требования:   Опыт работы бэкенд разработчиком от года;  Знание Python, Django, DRF, опыт использования mypy; Умение использовать Docker и PostgreSQL;  Ответственное отношение к данным в БД (в том числе, при написании миграций).  Условия:  Удаленно; Удобный график 5/2. ","Python,Django Framework,Docker,PostgreSQL","Программист, разработчик",Backend-разработчик
96494533,Backend-разработчик (Python),"ВАКАНСИЯ С ПЕРЕЕЗДОМ В РЕСПУБЛИКУ ТАТАРСТАНОбязанности:  Разработка нового функционала; Разработка проектов с нуля; Проведение Code Review; Подбор технологий для новых проектов; Улучшение существующей кодовой базы; Проработка архитектуры.  Требования:  Опыт от 4-х лет коммерческой разработки; Уверенные знания Python; Работал с Python ровно столько, чтобы понимать его особенности и уметь ими пользоваться; Опыт разработки асинхронных приложений; Знаешь WebSocket и REST; Опыт работы с Git. Уверенно себя чувствуешь как при работе в терминале, так и из IDE; Опыт в написании юнит-тестов; Опыт работы с Django/Sanic/Tornado/FastApi; Опыт работы с реляционными базами данных (PostgreSQL, MySQL); Опыт работы с Pydantic; Опыт работы с Docker; Опыт работы с Redis.  Условия:  Дневная рабочая неделя 5/2, с 8:00 до 17:00 (ненормированная); Формат работы - офис; Работа в крупной и стабильной компании – в структуре самой большой ОЭЗ в Европе; Транспорт до работы из г. Елабуга, г. Набережные Челны, г. Менделеевск; Оплачиваемые отпуска и больничные; Гарантия профессионального роста, бесплатное обучение; Молодую, амбициозную, проектно-ориентированную команду; Командные игры, мозговые штурмы, реализация нестандартных задач; Карьерный рост при наличии и обретения в процессе работы необходимых компетенций; Заработная плата по результатам собеседования. ","Python,Git,Redis,REST","Программист, разработчик",Backend-разработчик
92346262,Backend-Developer Python (senior),"Привет! Мы — онлайн-школа Тетрика, являемся одной из крупнейших EdTech-компаний России в сегменте школьного образования.За 5 лет мы помогли уже тысячам школьников найти своего репетитора и провели более 2 млн занятий на собственной платформе. Мы продолжаем расти, а значит, нам нужны новые таланты. Сейчас мы приглашаем в свою команду Backend-Developer Python (senior), который будет отвечать за совершенствование нашего продукта. Чем предстоит заниматься:  Создавать инструменты, которые усовершенствуют процесс обучения для учеников и репетиторов; Участвовать в принятии архитектурных решений и развитии системы с точки зрения инфраструктуры; Осуществлять интеграцию с внешними сервисами (CRM-система, Helpdesk, системы обратной связи с пользователем); Рефакторинг и улучшение текущей кодовой базы, написание тестов.  Стек:  Python 3.11; tornado + asyncpg, aiohttp/fastapi/flask (для микросервисов); PostgreSQL, Redis; Docker, k8s.    Что мы ожидаем от кандидата:  Наличие опыта в веб-разработке от 5-х лет; Уверенное владение python3 (async, typing/pydantic); Знание инструментов работы с кодом: ruff, black, mypy; Понимание принципов работы HTTP(S)/REST, Websockets; Отличные знания SQL, опыт оптимизации медленных запросов; Навыки работы с *-nix системами и основы контейнеризации (Docker); Способность оценивать и декомпозировать задачи.    Что мы предлагаем:  Работа в офисе/удаленно с гибким началом рабочего дня (с 9:00 до 11:00); ДМС со стоматологией после 3 месяцев работы; Льготная ИТ-ипотека и отсрочка (входим в реестр аккредитованных ИТ-компаний); Оформление в соответствии с ТК РФ; Возможность обучения сотрудника и его детей со скидкой 50% на нашей платформе; Корпоративные скидки от наших партнёров; Уютный офис в шаговой доступности от метро Курская на территории креативного кластера Artplay.  Процесс найма:Интервью с рекрутером → два технических собеседования → интервью с руководителем → оффер.Если тебе интересны новые задачи и постоянное развитие, смело отправляй отклик на вакансию. Пожалуйста, расскажи немного о себе и укажи зарплатные ожидания. Будем рады знакомству :)","Python,PostgreSQL,SQL,async,Docker,tornado,aiohttp,fastapi,Flask","Программист, разработчик",Backend-разработчик
96150800,Python Backend-разработчик (Middle/Middle+),"Привет, будущий коллега!Мы - РигИнтел,Аккредитованная IT-компания, являемся резидентами «Сколково» и входим в группу компаний «НЕФТЬСЕРВИСХОЛДИНГ»Основной вид деятельности – разработка программных решений, автоматизация и модернизация систем управления электроприводов в области бурения. Один из продуктов : Продукт IR-Vision - система видеоаналитики для нефтегазовой области. На данный момент мы расширяем команду и ищем python-разработчика для разработки и поддержки основных компонент системы (core system, APIs)   Обратите внимание на наши условия:  Оформление согласно ТК РФ; График работы- на выбор – офис/гибрид, понедельник- четверг с 8:30 до 17:30, пятница- с 08:30 до 16:30 (гибкий график), выходные дни: суббота, воскресенье. Возможна удаленка; Новый просторный современный офис, удобная транспортная развязка, бесплатная парковка; Отсутствие дресс-кода; Возможность посещения профильных конференций за счет компании после испытательного срока; Возможность обучения английскому языку за счет компании или частичная компенсация спорта.  Что предстоит делать:- Разработка нового и доработка существующего функционала:- Ядра системы видеоаналитики;- Веб-приложения (API);- Системы сбора и создания данных телеметрии;- Участвовать в проектировании архитектуры и code review, написании технической документации;- Оценивать задачи и планировать спринты; Наши обязательные требования:- Коммерческий опыт работы на Python в продуктовых командах от 3-х лет;- Понимание механики языка Python3.10+ и сопутствующих инструментов (mypy, poetry, flake8/ruff);- Опыт работы с asyncio и хотя бы с одним фреймворкам (aiohttp/fastapi/etc)- Опыт работы с библиотеками opencv, numpy, sqlalchemy (core)- Опыт работы с реляционными базами (postgres), s3 подобными хранилищами (minio)- Общее понимание принципа работы нейронных сетей (обучать их не потребуется)- Понимание принципов сжатия и передачи потокового видео (H.264, RTSP)- Понимание принципов unit тестирования (mock, stub, spy и т.д) Будет плюсом:- Навык реализации библиотек- Понимание принципов observability, в частности tracing opentelemetry, нагрузочного тестирования (Locust)- Понимание принципов чистого кода, DDD- Работали с Docker и познали азы DevOps",,"Программист, разработчик",Backend-разработчик
91997844,Senior IOS разработчик,"  Мы - компания GRI, и мы ищем в нашу команду талантливых профессионалов, которые готовы стать не только частью нашей крутой команды, но и частью истории IT мира! Мы разрабатываем и поддерживаем продукт ювелирной сети Sunlight, работая над его функционалом и удобством использования для наших клиентов. У нас в компании очень важно, чтобы каждый сотрудник чувствовал себя частью команды и мог реализовывать свой потенциал. Мы ценим коллег, которые работают с увлечением и ставят перед собой высокие цели. У нас открытая и дружелюбная атмосфера, и мы всегда готовы поддержать друг друга. Мы создаём первую в мире E-commerce платформу с функцией видеообращения и Dating-сервисом, где пользователи могут удобно и безопасно знакомиться, общаться и покупать товары. У нас есть все: спецэффекты, маски, наложение музыки, дополненная реальность и еще много других фишек, необходимых для того, чтобы занять свою нишу в мире видеоконтента.   Стек технологий:  Swift Moya (Alamofire) MVVM RxSwift, iOS SDK, Storyboard, AutoLayout, CoreAnimation, IB, GIT, UIKit и Foundation    Что ты будешь делать:  Ведем работу над 3 мобильными приложениями. Приложение для клиентов - №1 мобильное ювелирное приложение в мире (более 8 миллионов установок, рейтинг 4.8). Уже каждый третий розничный покупатель оценил удобство выбора с помощью приложения. Вероятно, это лучшее приложение ювелирного магазина в мире. И ты нам нужен, чтобы идти еще дальше! Приложение для продавцов – инновационный подход для российского ритейла, когда мобильный телефон продавца становится полнофункциональной мобильной кассой со всеми возможностями и служит, в том числе, помощником при консультировании клиентов! Будущее? У нас реальность, опробованная на 2000 продавцах! Мы ищем талантливых мобильных разработчиков для развития продуктов по этим направлениям! И важно: мы далеко не стартап, но у нас скорость и дух стартапа в купе с большими рекламными возможностями сильного бренда! Звучит интересно? Тогда убедись, что обладаешь требуемым технологическим стеком и оставляй отклик!    Что мы делаем сейчас:  Делаем свой сервис аналитики на миллионы событий в день. То есть это отдельный SDK для каждой мобильной платформы  И делаем свой тик ток. Возможность пользователям создавать видео-отзывы на товар.     Что мы ожидаем от тебя:  Имеешь опыт написания клиент-серверных приложений Знаешь архитектуру, основные паттерны и принципы разработки iOS приложений Знаешь Swift и iOS SDK Работал с XIB, Storyboard, AutoLayout, CoreAnimation Работал с системой контроля версий (Git) Хорошо разбираешься в UIKit и Foundation Умеешь выполнять задачи в срок    Круто если ты имеешь:  Опыт разработки от 2 лет Опыт использования MVVM Опыт использования RxSwift Опыт работы с push-нотификациями (APNS)    Любим стратегию WIN-WIN и взамен готовы предлагать:  Уровень ЗП, готовы обсуждать по твоим пожеланиям Работа в современной IT компании Оформление по ТК РФ Амбициозные и масштабные задачи Удаленная работа Гибкое начало рабочего дня/возможность удалённой работы Выдаем современное оборудование: Mac или мощные PC на выбор Возможность реализовать собственные архитектурные решения В офисе есть Play Station, настольный теннис, кикер, чай, кофе, печеньки. Корпоративный футбол Скидки на английский, джим итд (skyeng, world class) Обучения и конференции за счет компании Реально интересные проекты Крутая сплоченная команда, с грамотными спецами и крутым современным лидом    Если тебе близка стратегия WIN-WIN и ты готов брать ответственность за сложные задачи — ждем в команде  ",,"Программист, разработчик",iOS-разработчик
96483279,Middle iOS Разработчик,"Кого мы ищем Разыскиваем талантливых iOS разработчиков, готовых постоянно развиваться и быть на острие технологий. Нам интересно пробовать все новые возможности, которые предоставляет Apple, поэтому от кандидата ожидается любовь к саморазвитию. Данная позиция предполагает полную занятость. Рассматриваем Middle и Senior кандидатов. Что будем разрабатывать 4spaces – продуктовая компания, это значит, что мы создаем исключительно свои продукты, которые сами же потом монетизируем. Мы настроены на долгосрочное сотрудничество и совместное развитие, поэтому в рамках iOS команды у Вас будет возможность поучаствовать в разработке множества приложений совершенно разных направлений. Прямо сейчас, присоединившись к нам, Вы будете участвовать в разработки трех приложений: * приложение для обработки видео для современных социальных сетей коротких видео.Технологии: AVFoundation, Combine, CoreMedia, Metal, SwiftUI* приложение для создания медиа контента с помощью AI.Технологии: Combine, CoreImage, Vision, SwiftUI* приложение для редактирования фотографий с помощью AI.Технологии: Combine, CoreImage, CoreML, Vision, SwiftUI Требования * знание SwiftUI, Combine и async / await* опыт коммерческой разработки под iOS от 3 лет* уверенное знание стандартных фреймворков, iOS SDK и Swift* уверенное понимание многопоточности* умение писать чистый и поддерживаемый код, а также быстро разбираться в чужом коде* опыт работы в команде* самое важное – умение и желание получать новые знания необходимые для работы Будет плюсом:* опыт работы с AVFoundation, CoreImage, Metal* понимание процессов CI / CD и его настройка* опыт покрытия кода Unit / UI тестами Удаленка! Все наши коллеги работают удаленно, и нам все равно из какого места вы будете работать: дом, коворкинг или Starbucks. Работайте, как и где комфортно именно Вам! Чем продуктивнее – тем лучше! Переходя на удаленку, многие наши сотрудники сэкономили 1-2 часа в день только за счет того, что им не нужно ездить в офис. Наши коллеги активно пользуются преимуществами такого формата работы, поэтому много путешествуют и живут в других странах месяцами. Интересно? Все просто, отправляйте ваше резюме прямо на hh.ru и мы в скором времени с Вами свяжемся. Весь процесс собеседований занимает не больше 2 часов в общей сложности.","Swift,iOS,CI,Unit Testing,Оптимизация кода,Английский язык,Обработка изображений","Программист, разработчик",iOS-разработчик
90803714,Senior IOS developer (Мир Инвестиций),"БКС Финтех – ИТ-компания, входящая в БКС Мир Инвестиций, в которой работают более 1300 профессионалов, реализующих актуальные решения для бизнеса. Компания аккредитована Минцифры России как ИТ-компания. БКС Мир инвестиций – международная инвестиционно-банковская компания, одна из крупнейших в России. Мы существуем на рынке уже 28 лет и предоставляем клиентам максимально широкий спектр брокерских и инвестиционных услуг. Мы – новаторы в области цифровых технологий в финансовой сфере. На единой цифровой платформе холдинга собраны все ключевые решения как для профессиональных инвесторов, так и для новичков. Став частью нашей команды, ты попадешь в современную ИТ-компанию, которая является резидентом Сколково. Как мы работаем: Разрабатываем крутое инвестиционное приложение &quot;Мир Инвестиций&quot;. Активная аудитория более 200к пользователей в месяц. А также, делаем инвестиционные приложения для партнеров, whitelabel проекты, open source решения.  Пишем на swift 5.3 (обновляемся на каждый стабильный релиз); Используем MVVM, RxSwift, SnapKit, Moya, Realm; Любим новые технологии: начали использовать SwiftUI в боевом приложении; Не копим большой техдолг, отказываемся от legacy, внедряем best practices и сами их генерируем; Выстраиваем и автоматизируем процессы, чтобы облегчить себе жизнь CI/CD, Jira, Miro, Figma; Умеем смотреть на метрики и понимать, что хотят пользователи (Sentry, Appmetrica, AppDynamics); Работаем в продуктовых командах, 20+ iOS разработчиков на проекте; Используем Scrum (дейли, ретро, демо).  У нас два этапа отбора: техническое интервью и знакомство с head of mobile. Чем предстоит заниматься:  Выполнять задачи по разработке ПО на платформе iOS; Проводить ревью кода; Обеспечивать доставку программных продуктов в очередные версии мобильного приложения «БКС. Мир инвестиций»; Проводить рефакторинг существующего функционала, исправлять дефекты в существующем функционале.  Наши ожидания:   Опыт работы с Swift 5.0, RxSwift или аналог, git;   Опыт использования (желательно): SnapKit, Alamofire, Moya, ReactorKit;   Знание SwiftUI, тоже будет плюсом;   Приветствуется опыт работы с CI, знание yaml, stencil, bash, самостоятельность и интерес к новым технологиям;   Умение писать UI, unit тесты.   Мы предлагаем:  Стабильный конкурентный доход; Гибридный режим работы: возможность работать удаленно (частично или полностью); Работу в аккредитованной Минцифры России ИТ-компании, резиденте Сколково; Работу в стабильной и активно развивающейся компании – лидере инвестиционного рынка; Современный стек технологий, амбициозные проекты, возможность профессионального развития; ДМС с первого месяца работы; Оформление согласно ТК РФ; Корпоративные скидки и предложения для сотрудников. ","Combine,RxSwift","Программист, разработчик",iOS-разработчик
96482854,Разработчик iOS,"Мы создаем приложения для мобильных устройств. Над ними работает более 20 команд: core-команды базовых технологий, фича-команды, финансовые команды и другие. Мы пишем приложения с высокой степенью надежности и постоянно улучшаем производительность, чтобы миллионам клиентов было удобно. Мы ждем тех, кто вместе с нами будет улучшать работу приложений Тинькофф, создавать продукты без сбоев — легкие и удобные, которыми готовы пользоваться сами. Линейка наших продуктов объемная, но культура и процессы общие. Задачи:   Разрабатывать и поддерживать новый функционал продукта   Вместе с командой развивать архитектуру проекта   Автоматизировать разработку и тестирование   Проводить Code Review   Что мы ждем от кандидата:  Занимались iOS-разработкой больше 3 лет Знаете Swift и Xсode Умеете проектировать клиент-серверное взаимодействие Создавали кастомные UI-компоненты Знаете ООП и структуры данных Знаете и понимаете инструменты GCD Знакомы с MVP и MVVM Понимаете CI/CD, опыт его настройки будет плюсом Опыт работы с fastlane тоже добавит вам очков  Мы предлагаем:  Возможность работы в аккредитованной ИТ-компании. Работу в офисе. График работы — гибридный  Платформу обучения и развития Тинькофф Апгрейд. Курсы, тренинги, вебинары и базы знаний. Поддержка менторов и наставников, помощь в поиске точек роста и карьерном развитии  Заботу о здоровье. Оформим полис ДМС со стоматологией и страховку от несчастных случаев. Предложим льготное страхование вашим близким Частичную компенсацию затрат на спорт по окончании испытательного срока Компенсацию питания или транспорта в дни работы из офиса Достойную зарплату — обсудим ее на собеседовании ","Swift,Xcode,MVP,MVVM","Программист, разработчик",iOS-разработчик
94932589,IOS - Разработчик,"Мы предлагаем:  Оформление по ТК с первого рабочего дня в IT- компанию &quot;АВТОДОК АйТи&quot;; Полностью белая заработная плата. Выплаты 2 раза в месяц на карту. Без задержек; Дружный и нацеленный на результат коллектив; Обучение сотрудников внутри компании; Профессиональный и карьерный рост; График работы: 5/2 офис (удаленного формата нет); Место работы: м. Комсомольская, ул. Ольховская 4к2. Бизнес-центр &quot;Melnikoff House&quot;.  Обязанности:  Разработка нового функционала для приложения «Автодок». Взаимодействие с командой backend’а. Поддержка и оптимизация существующих модулей. Создание красивых custom view - компонентов. Тестирование приложения.  Требования:  Уверенное владение Swift 5.5, SwiftUI 3. Знание архитектурных паттернов (MVC, MVVM). Обязателен опыт разработки под iPad (у нас полностью нативная версия). Понимание принципов работы клиент-серверных приложений (REST API + токены). Опыт многопоточного, асинхронного программирования (GCD, async/await). Умение работать с UI, как в Interface Builder&#39;е (Storyboard, XIB), так и в коде. Владение особенностями различных версий iOS. Написание чистого поддерживаемого кода и грамотное следование Human Interface Guidelines. Наличие опубликованных приложений в App Store.  Личные качества:  Приоритет собственным разработкам, а не внешним библиотекам. Усидчивость в доведении своих решений до идеала. Внимательность к мельчайшим деталям и творческий подход.       ","Swift 5.1,Xcode,iOS,CocoaPods,HTTPS и JSON,iOS 13 Human Interface Guidelines.,Git-flow.,AppStore и TestFlight","Программист, разработчик",iOS-разработчик
86169731,Android разработчик,"Кого мы ищем: android разработчика с опытом от 2-х лет с желанием создать и поддерживать качественный продукт для клиентов. О проекте: Loymax — универсальная платформа, которая предлагает комплекс решений: CRM-систему/процессинг для создания и управления программами лояльности, модуль для коммуникаций с клиентами, аналитический модуль и рекомендательную систему на базе машинного обучения. Вам предстоит разрабатывать приложение, которым будут пользоваться клиенты наших партнеров.Стек: Kotlin, MVVM, Coroutines, flow, Room, Hilt + Dagger, Retrofit + OkHttp, Rest, Android Jetpack Libs, Android SDK (API lvl &gt;= 21). Мы бы хотели, чтобы кандидат имел:   коммерческий опыт разработки мобильных клиент-серверных приложений под Android от 2 лет;   опыт работы с REST API в приложениях;   понимание архитектурных UI паттернов MVVM/MVI;   опыт работы с многомодульными приложениями;   опыт использования Single Activity подхода;   опыт работы с Gradle и CI/CD;   опыт работы с Git.   Будет преимуществом:   понимание Xamarin, C#, Java;   опыт разработки приложения с нуля;   опыт выкладывания в Google Play, AppGallery, RuStore;   опыт с Rx, Compos.   Чем предстоит заниматься?   перевод основного приложения с Хamarin на нативный Android;   разработка многомодульного приложения;   поддержка стабильности приложения;   регулярный выпуск обновлений;   своевременная реакция на требования магазина и изменения в платформе.   Что вам может быть интересно о Loymax:   сейчас мы сотрудничаем с 70+ партнерами по всей стране и в ближнем зарубежье.   у нас несколько офисов в 3-х городах России: Томск, Новосибирск и Москва. И один офис за рубежом - в Бишкеке.   мы ориентированы на работу в офисе, у нас гибкое начало рабочего дня. В целом - мы гибко относимся к графику и потребностям людей, если есть необходимость поработать из дома, то мы идем на встречу.   каждый год мы проводим аттестации, на которой определяем траекторию дальнейшего развития и рост зарплаты каждого.   у нас есть своя волейбольная команда и к ней может присоединиться любой желающий с первого рабочего дня.   Условия у нас ─ это:   работа в аккредитованной it компании;   официальное трудоустройство, полностью белая заработная плата;   у нас стандартная пятидневная рабочая неделя и гибкое начало рабочего дня - с 8.00 до 10.00;   мы уважаем индивидуальность каждого, поэтому у нас нет дресс-кода;   мы поощряем развитие наших сотрудников, оплачиваем обучающие курсы;   мы заботимся о здоровье наших сотрудников, поэтому предлагаем компенсацию мед. обслуживания после 6 месяцев работы в компании;   мы поощряем занятия спортом, поэтому компенсируем часть стоимости спортивного абонемента ежемесячно, начиная с 6 месяца работы в компании;   в наших уютных кухнях всегда есть ароматный кофе и чай, сладости и фрукты;   мы знаем как важно в течение рабочего дня переключаться на качественный отдых, поэтому мы создали прекрасную релакс зону, где можно расслабиться на мягких диванчиках, поиграть в настольный теннис, почитать или сделать массаж в кресле YAMAGUCHI.    ","Android,Kotlin,Git","Программист, разработчик",Android-разработчик
89122535,Middle Android Developer,"Мы - продуктовая команда, которая девять лет делает большие и прибыльные проекты для автовладельцев. Это web и мобильные приложения с более чем 40 миллионами установок. У нас опытные разработчики, data-driven подход и гибкий процесс работы. Основной стек: Kotlin, MVP (Moxy), MVVM, RxJava 3, Coroutines, Room, Hilt + Dagger, Retrofit + OkHttp, Azure DevOps.Мигрируем на KMM, Jetpack Compose, MVI. Что нужно будет делать:  Мигрировать текущую кодовую базу на KMM, Jetpack Compose, MVI. Разрабатывать новый функционал. Участвовать в принятии технических решений.  Что мы ожидаем:  Уверенное знание Kotlin, корутин и многопоточности. Написание понятного, поддерживаемого и тестируемого кода. Понимание используемых технологий и способность аргументировать свои решения. В наличии доведенный до релиза проект для Android.  У нас: — Официальное трудоустройство. Да, мы выплачиваем белую зарплату на банковскую карту, а не в конверте, и делаем все налоговые отчисления. Да, это не плюшка, это наша обязанность. Пишем, потому что это важно. Мы аккредитованная ИТ-компания. — Зарплата в рынке. Мы готовы идти навстречу кандидату в его пожеланиях по зарплате, если они коррелируют с опытом. — Бизнес без финансовых рисков. Мы давно прибыльные и самоокупаемые, без инвесторов и рисков, связанных с ними. — ДМС. Компенсируем 100% стоимости медицинских услуг со стоматологией с первого рабочего дня. — Заботимся. Купим технику на выбор и ПО, оплатим книги и курсы. Отправим на конференцию, частично оплатим занятия спортом и английским языком. Для сотрудников, которые работают в офисе, оплатим питание в сервисе Яндекс Go с чеком 1300 руб./день. — Если ты не из Москвы, поможем с переездом. Оплатим дорогу и первый месяц аренды квартиры в размере 40 тысяч рублей. — Отдыхаем вместе. В последний четверг месяца проводим четверю: вечером идем на мастер-класс по рисованию или игре на джембе, на занятие по скалолазанию или фехтованию - идей масса, завершаем вечер в баре. Два раза в год устраиваем большой корпоратив. — Удобный офис. Он расположен в современном БЦ Manhattan в 5 минутах ходьбы от Бауманской или в 10 минутах от Красносельской. Разделен на тихую рабочую зону и лаунж с переговорками, кухней, диванами. Есть где спокойно поработать, есть где пошуметь. — Удобный график. начинаем работать в интервале с 8 до 11 утра (офис/гибрид/удаленная работа)",,"Программист, разработчик",Android-разработчик
96379597,Тестировщик,"Компания NodaSoft - разработчик онлайн сервисов для автобизнеса. Мы создали продукты и сервисы, которыми пользуются тысячи компаний, предпринимателей и розничных клиентов в России и по всему миру. Миссия компании: создание надёжных сервисов, стандартизация и унификация данных и решений в любой предметной области, применение принципа повторного использования данных и программного кода во всех создаваемых продуктах, снижение экономических издержек и доступность продуктов компании даже для начинающего бизнеса. Основной продукт компании платформа ABCP - SaaS решение для предпринимателей для создания интернет-магазина автозапчастей &quot;под ключ&quot; и насчитывает более 2000 постоянных клиентов Мы предлагаем:  интересные задачи в highload-проектах; работу в компании с нормальным руководством;  Мы ожидаем, что Вы:  знаете основные виды тестирования; имеете опыт работы с подготовкой тест-планов, тест-кейсов, сценариев тестирования; имеете опыт тестирования API;  имеете базовые знания по работе с консолью разработчика в браузере;   внимательны к мелочам и поэтому в сопроводительном письме вы напишете слово &quot;ping&quot;;   базовые знания SQL приветствуются;   опыт работы с docker приветствуется;   опыт работы тестировщиком приветствуется.   Условия:  работа в стабильной IT-компании (с 2008 года на рынке); график работы пн-пт, восьми часовой рабочий день (начало работы обсуждается); удаленная работа ",,Тестировщик,Тестировщик ПО
94551278,Специалист по тестированию/Тестировщик,"Компания BURGER KING® приглашает в команду Специалист по тестированию/ Тестировщик  Немного о нас: BURGER KING – компания с мировым именем, начиная с 1954 года. Сегодня в России открыто более 800 ресторанов и, поверьте, это только начало! МЫ СТРОИМ КАРЬЕРУ СО ВКУСОМ, МЫ ЖИВЕМ С ОГНЕМ В СЕРДЦЕ! Новым сотрудником нашей Команды Мечты можешь стать ты, если у тебя:  Опыт работы в тестировании от 2-х лет Опыт работы с базами данных Понимание основ теории тестирования. Знание методик тестирования ПО Опыт работы с баг-трекинговыми системами Опыт написания тестовой документации (чек-листы, тест-кейсы) Опыт работы с инструментами для тестирования API (Postman, Insomnia) Знание методологий Agile-разработки и опыт работы в Agile-среде.  Владение программами:- Python, insomnia/ postman, jira, conflunce Тебе предстоит решать следующие задачи: - Тестирование бэкенда мобильного приложения и интеграций- Написание тест- кейсов- Соблюдение сроков по тестированию и выполнению задач- Ежедневные встречи с командой- Работа в команде с разработчиками, тестировщиками и аналитиками- Участие в планировании спринта- Проведение регрессионного тестирования Мы предлагаем тебе: • &quot;Гибридный&quot; или &quot;удалённый&quot; формат работы; • Уверенность в завтрашнем дне: оформление по ТК РФ; • Заботу о твоем здоровье: надежная программа ДМС (после 3х месяцев работы в Компании); • Работу в команде лучших: сплоченный коллектив единомышленников; • Амбициозные задачи: участие в разработке и внедрении федеральных проектов Компании. ПОЛУЧАЙ УДОВОЛЬСТВИЕ ОТ СВОЕЙ РАБОТЫ ВМЕСТЕ С НАМИ!",,Тестировщик,Тестировщик ПО
94780591,Инженер-тестировщик ПО,"Основные задачи:  Функциональное тестирование программного обеспечения наземных пунктов управления БЛА; Разработка программ и методик испытаний функционального и технологического ПО; Написание тест-кейсов, составление контрольных примеров и планов тестирования; Фиксирование обнаруженных несоответствий в системе управления изменениями; Выполнение официального тестирования ПО при участии представителя заказчика.  Наши требования:  Знание/понимание основ жизненного цикла ПО; Опыт работы с Linux (желательное требование); Опыт/понимание работы по тестированию ПО.  Мы предлагаем:  Оформление по ТК РФ; ДМС (со стоматологией); Пятидневная рабочая неделя - офис, гибкий подход к началу и окончанию рабочего дня; Рабочее место - офис на Васильевском острове; Дополнительные оплачиваемые дни отпуска; Коллектив профессионалов и единомышленников; Скидки от компаний-партнёров на изучение английского языка, занятия спортом; Развитую корпоративную культуру (футбольная команда, проводятся соревнования по различным видам спорта); Сотрудники компании имеют возможность отсрочки от призыва на срочную службу и по мобилизации. ",,Тестировщик,Тестировщик ПО
88063768,Unreal Engine AI Developer,"Krista Games — игровая компания, объединившая ведущих игроков рынка в области разработки и издательства видео-, мобильных и настольных игр с целью создания единой экосистемы развлечений. Команда представлена ветеранами рынка, которые работали в известных игровых компаниях и запускали крупнейшие международные релизы. Сейчас мы ищем в одну из наших студий Unreal Engine AI Developer для работы над экшн-хоррором от первого лица для PC. Задачи:  Программирование поведения для различных игровых сущностей; Работа с моделями персонажей, анимациями, скелетами, настройка рига, инверсной кинематики и пр.; Создание и интеграция сюжетных событий, катсцен с участием анимированных персонажей; Работа с лицевыми анимациями, тканью, повреждениями, материалами персонажй, озвучкой.  Требования:  Опыт работы с Unreal Engine 4 от 3 лет; Опыт программирования от 3 лет; Знание сетевой части Unreal Engine; Знание Behavior Tree, Animation Graph, State Machine; Участие в игровых проектах.  Что предлагаем:  Комфортный график работы и возможность подстраивать рабочее время под себя; Релокация на Кипр; Среда для развития: работа плечом к плечу с лучшими профессионалами; Достойная зарплата по итогам собеседования, возможности для карьерного роста. ","Game Programming,C++,Unreal Engine 5,AI","Программист, разработчик",Разработчик игр на Unreal Engine
95144508,Lead Unreal Engine Developer (Senior/Middle+),"Технологическая компания BСSports, специализирующаяся на развитии технологий в спортивной индустрии, расширяет VR/AR подразделение и приглашает разработчиков для усиления команды. Основное направление работы - создание спортивных VR-игр на движках Unity и Unreal Engine. Ждем в команду целеустремленных мета-хьюманов, горящих VR идеями и способных двигать индустрию вперед вместе с нами! Обязанности:   Разработка игровых командных VR игр;   Написание кода игровой логики на C++ и Blueprints;   Проектирование мультиплеерных архитектурных решений;   Проектирование игровых механик;   Рефакторинг имеющегося кода, в целях оптимизации и/или исправления ошибок;   Взаимодействие с другими разработчиками, моделлерами, левелдизайнерами, бэкендерами.   Требования:   Уверенное владение Unreal Engine;   Продвинутое знание С++ в контексте UE;   Опыт разработки VR-проектов;   Опыт разработки сетевого кода в многопользовательских играх реального времени;   Понимание работы репликации переменных и RPC, ролей и принципов обмена данными в Unreal Engine клиент-сервер на уровне игрового движка;   Умение работать с системами контроля версий;   Технический английский, достаточный для чтения документации;   Системное мышление, высокая степень самоорганизации и способности к самообучению;   Нацеленность на результат, соблюдение дедлайнов;   Умение коммуницировать и работать в команде.   Будет плюсом:   Опыт работы и сборка проектов для Meta Quest и Pico;   Опыт работы с системами трекинга в VR;   Умение проектировать архитектуру игровых проектов с нуля.   Условия:   Работа над интересными проектами, двигающими VR индустрию вперед;   Возможно официальное оформление;   Молодой коллектив VR-энтузиастов с массой новейшего VR / AR оборудования;   Своевременная оплата (дважды в месяц);   Просторные офисы в Москве (Москва-Сити) и в Минске (БЦ “Футура”);   Помощь в релокации для регионов.  ","VR,Unreal Engine,Git,UE","Программист, разработчик",Разработчик игр на Unreal Engine
95144367,Разработчик сетевой архитектуры на Unity,"Технологическая компания BСSports, специализирующаяся на развитии технологий в спортивной индустрии, расширяет VR/AR подразделение и приглашает разработчиков для усиления команды. Основное направление работы - создание спортивных VR-игр на движках Unity и Unreal Engine. Ждем в команду целеустремленных разработчиков , горящих VR идеями и способных двигать индустрию вперед вместе с нами! Основная задача:   Проектирование и реализация сетевой архитектуры для многопользовательских проектов на игровом движке Unity.   Обязанности:   Разработка сетевой логики;   Проектирование, реализация, отладка и поддержка сетевых механик;   Оптимизация проекта и повышение производительности;   Рефакторинг имеющегося кода;   Ежедневное участие в онлайн планерках, с целью устранения возникших проблем, а также помощи товарищам по команде;   Участие в тестах разрабатываемого продукта.   Требования:   Опыт работы с Unity от 3х лет.   Хорошее знание C#, ООП, SOLID.   Опыт создания игровых механик.   Опыт работы с мультиплеером.   Понимание клиент-серверной архитектуры.   Понимание сетевых протоколов.   Наличие завершенных проектов или пет-проектов, которые можно продемонстрировать.   Умение анализировать производительность и проводить оптимизацию.   Понимание всех циклов разработки игрового продукта.   Умение работать с системами контроля версий Git.   Умение работать в команде.   Нацеленность на результат, соблюдение дедлайнов.   Технический английский, достаточный для чтения документации.   Интерес к созданию VR проектов;     Будет плюсом:   Знание мультиплеерных движков: Photon, Mirror, NetCode;   Опыт реализации собственных мультиплеерных движков;   Проектирование БД и знание SQL;   Опыт работы с Docker, Cubernets, CI / CD;   Опыт работы с VR и сборка проектов для Meta Quest и Pico;   Реализация подгрузки динамического контента. CDN.   Условия:   Работа над интересными проектами, двигающими VR индустрию вперед;   Возможно официальное оформление;   Молодой коллектив VR-энтузиастов с массой новейшего VR / AR оборудования.   Своевременная оплата (дважды в месяц).   Просторные офисы в Москве (Москва сити) и в Минске (БЦ “Футура”).  ",,"Программист, разработчик",Разработчик игр на Unreal Engine
